,X,Birdtree,Binomial,Order,Family,Species,Code,Category,Status,Skull.width..mm.,Head.mass..g.,Umbo_distancetoTMplane,totalEClength,Behind.TM,totalECDlength,meanTMangle,TMtotalarea,FPtotalarea,CAtotalarea,RWtotalarea,dis_coltip_TMcentroid,Columella.length.mm,Columella.volume.mm3,area_ratio,bodymass_lit,spp_audio,audio_relation
1,1,Gallus gallus,Gallus_domesticus,Galliformes,Phasianidae,Chicken,Chicken01,Terrestrial,Scanned,26.73,NA,NA,2.519827,NA,5.748305,NA,NA,NA,NA,NA,NA,2.61,0.424,NA,904,Gallus_domesticus,Yes
2,2,Spheniscus demersus,Spheniscus_demersus,Sphenisciformes,Spheniscidae,African penguin,AP253,Pursuit diving,Scanned,48.51,286.12,0.5578158,2.7141463,740.65,6.3185271,11.1814942,24.5307031,1.0458214,3.1677924,5.3165826,1.8835547,5.282,0.5473,23.45592001,3135,NA,NA
3,3,Larus hartlaubii,Chroicocephalus_hartlaubii,Charadriiformes,Laridae,Hartlaub's gull,H414,Surface foraging,Scanned,22.17,21.49,0.6387115,1.6285463,399.42,3.7292626,17.7525684,12.8811013,0.4708316,0.4603956,1.4555714,1.0448887,1.8047,0.142,27.35819197,292,NA,NA
4,4,Puffinus griseus,Ardenna_grisea,Procellariiformes,Procellariidae,Sooty shearwater,SW01,Pursuit diving,Scanned,30.52,NA,0.5687735,1.7550923,231.33,4.14108,14.8505159,14.1101799,0.8797251,3.0077953,2.6428105,1.1576382,2.9779,0.37039,16.0393058,787,NA,NA
5,5,Larus dominicanus,Larus_dominicanus,Charadriiformes,Laridae,Kelp gull,K151,Surface foraging,Scanned,40.95,62.3,1.017922,2.537805,3236.84,5.237897,16.261305,36.053742,0.97365,1.818927,2.394297,2.027716,3.8787,0.430434,37.02946849,936.5,NA,NA
6,6,Morus capensis,Morus_capensis,Suliformes,Sulidae,Gannet,G045,Pursuit diving,Scanned,47.58,275,0.592118,1.5276351,7067.93,6.6173265,12.0753945,27.8116976,1.1589345,3.511894,2.2928683,1.0647901,8.6,1.029,23.99764404,2643.5,NA,NA
7,7,Phalacrocorax capensis,Phalacrocorax_capensis,Suliformes,Phalacrocoridae,Cape Cormorant,CC209,Pursuit diving,Scanned,27,71.26,0.3453295,0.79324334,372.35,5.08996474,13.0261082,9.22449752,0.44051429,2.72894333,2.03706372,0.45345296,3.8696,0.266328,20.94029122,1217,Phalacrocorax_capensis,Congener
8,8,Phoenicopterus roseus,Phoenicopterus_roseus,Phoenicopteriformes,Phoenicopteridae,Greater flamingo,Flamingo01,Surface foraging,Scanned,32.43,NA,0.897117,2.1548053,1379.64,5.7269092,18.206483,23.9107099,1.114212,4.407708,3.3531699,1.706508,3.31,0.448037,21.45974904,3035,NA,NA
9,9,Procellaria aequinoctialis,Procellaria_aequinoctialis,Procellariiformes,Procellariidae,White-chinned petrel,WCP03,Pursuit diving,Scanned,43.39,NA,0.6965724,2.3398132,NA,6.2084629,15.854649,19.97404,1.0531436,3.1105181,2.7006765,2.0672644,4.7777,0.612506,18.9661125,1213,NA,NA
10,10,Chionis minor,Chionis_minor,Charadriiformes,Chionidae,Lesser Sheathbill,SB-01-2019,Terrestrial,Scanned,21.72,NA,0.487271,1.5954347,751.71,4.6720255,13.9758777,12.2568029,0.4497441,2.3852071,1.5378967,1.2606874,1.75,0.104,27.25283756,601.5,NA,NA
11,11,Macronectes halli,Macronectes_halli,Procellariiformes,Procellariidae,Northern giant petrel,NGP-01-2019,Surface foraging,Scanned,53.82,271.5,0.5378209,1.8362029,5937.11,6.5958948,7.9291175,43.0391185,1.3891691,6.155614,3.6991239,1.7127285,5.6,0.851,30.98191466,4185,NA,NA
12,12,Bucorvus abyssinicus,Bucorvus_leadbeateri,Bucerotiformes,Bucorvidae,Southern ground hornbill,GHB01,Terrestrial,Scanned,69.06,NA,0.8311657,3.9816637,NA,8.3393286,8.9851082,88.3744713,1.9769213,0.3481421,10.2280263,3.5247887,6.267897,0.897199875,44.70308014,3767.5,NA,NA
13,13,Aethopyga siparaja,Cinnyris_chalybeus,Passeriformes, Nectariniidae,Southern double-collared sunbird,DCSB01,Terrestrial,Scanned,11,NA,0.31907899,0.61324873,47.16,1.99507714,13.58151162,5.35102153,0.21222748,0.03260038,0.3605546,0.61367124,0.895437,0.018883125,25.21361291,7.85,NA,NA
14,14,Nectarinia violacea,Anthobaphes_violacea,Passeriformes, Nectariniidae,Orange-breasted sunbird,OBSB01,Terrestrial,Scanned,11.95,NA,0.48479427,0.74179647,NA,2.36129042,23.28390396,4.48803024,0.257517,0.02360667,0.38474141,0.46142391,0.930814,0.023166185,17.42809306,9.4,NA,NA
15,15,Columba livia,Columba_livia,Columbiformes,Columbidae,Rock dove,RD-01-2019,Terrestrial,Scanned,21.05,13.9,0.73153049,1.97001929,NA,3.96968588,16.13361871,21.18606758,1.29870729,0.05303087,2.76414036,1.18204044,2.29,0.187,16.31319678,354.5,Columba_livia,Yes
16,16,Struthio camelus,Struthio_camelus,Struthioniformes,Struthionidae,Common ostrich,Ostrich40,Terrestrial,Scanned,89.99,625,2.995847,5.9591383,30014.6,5.5925217,25.2935032,138.1185454,2.0086641,0.3834238,12.1335813,3.8784566,7.711,1.5078,68.7613949,111000,NA,NA
17,17,Dendropicos elachus,Dendropicos_griseocephalus,Piciformes,Picidae,Olive woodpecker,OWP-01-2019,Terrestrial,Scanned,17.36,5.46,0.56022418,1.09728848,141.84,3.20378061,18.14768973,9.35326499,0.52834288,0.01736402,0.79376702,0.93085335,1.35,0.0559,17.70302079,41,NA,NA
18,18,Gavia immer,Gavia_immer,Gaviiformes,Gaviidae,Common loon,Gavia morphosource,Pursuit diving,Scan from digital repository,48.03,NA,1.0632188,2.2366542,509.74,6.5340743,18.6720129,31.5370223,1.3625996,7.2703231,3.9506427,1.5204364,4.3232,0.7328,23.14474648,4980,NA,NA
19,19,Alca torda,Alca_torda,Charadriiformes,Alcidae,Razorbill,Atorda morphosource,Pursuit diving,Scan from digital repository,33.99,NA,0.6753036,1.5078332,61.18,4.9428527,21.9042626,9.5335629,0.5724759,2.4472016,2.2206545,0.9803995,3.477893,0.199146087,16.65321265,760,NA,NA
20,20,Phoebastria nigripes,Phoebastria_nigripes,Procellariiformes,Procellariidae,Black-footed albatross,Pnigripes morphosource,Surface foraging,Scan from digital repository,55,NA,0.1796347,1.8480363,NA,5.4650597,3.3337568,44.6648063,1.0221443,6.3433136,4.340926,0.9580918,8.324507,1.18948448,43.69716321,3195,NA,NA
21,21,Morus bassanus,Morus_bassanus,Suliformes,Sulidae,Northern gannet,Mbassanus morphosource,Pursuit diving,Scan from digital repository,53.85,NA,0.7966679,1.8449724,10559.51,7.24,16.0579821,23.8315715,1.1459628,4.0516295,4.299071,1.0469647,8.806629,1.379404183,20.79611267,2999.5,NA,NA
22,22,Sterna caspia,Hydroprogne_caspia,Charadriiformes,Laridae,Caspian tern,Caspian tern morphosource,Surface foraging,Scan from digital repository,35.8,NA,0.9834689,2.4094501,2087.21,5.2743765,19.6341313,22.3751893,0.8580543,1.6084076,NA,1.9054867,3.381428,0.153852934,26.0766589,655,NA,NA
23,23,Sterna vittata,Sterna_vittata,Charadriiformes,Laridae,Antarctic tern,TOO2,Surface foraging,Scanned,20.69,17.8,0.4354297,1.2186361,NA,3.3993236,17.7676288,5.6962694,0.3636737,0.6055259,1.6876551,0.9358734,1.763997,0.114439142,15.66313264,139,NA,NA
24,24,Phalacrocorax africanus,Microcarbo_africanus,Suliformes,Phalacrocoridae,Reed cormorant,RC-01-2019,Pursuit diving,Scanned,23.95,25.19,0.40549832,0.79562114,25.27,4.42470113,12.59329138,10.47778084,0.3457463,2.34323459,2.2249812,0.84413023,2.8,0.234,30.3048242,545,NA,NA
25,25,Phalacrocorax coronatus,Microcarbo_coronatus,Suliformes,Phalacrocoridae,Crowned cormorant,CRC003,Pursuit diving,Scanned,25,31.3,NA,NA,NA,4.7050446,NA,9.147731,0.4137757,1.6677983,NA,NA,3.178577,0.262136,22.10794641,763,NA,NA
26,26,Alopochen aegyptiaca,Alopochen_aegyptiaca,Anseriformes,Anatidae,Egyptian goose,EG-01-2019,Terrestrial,Scanned,32.9,54.8,0.8459246,1.8693384,878.17,5.0743286,18.2147447,22.2919745,0.9385405,1.0916206,2.9684767,1.6431164,2.85,0.167,23.75174486,1873,NA,NA
27,27,Streptopelia capicola,Streptopelia_capicola,Columbiformes,Columbidae,Cape turtle dove,TD01-2019,Terrestrial,Scanned,19.27,11,0.85059737,1.66676993,345.83,3.71530889,22.18742311,14.72236642,0.97442469,0.04601553,2.06989405,1.03918073,2.015186,0.122033427,15.1087781,142,NA,NA
28,28,Pterodroma mollis,Pterodroma_mollis,Procellariiformes,Procellariidae,Soft-plumaged petrel,SPP-01,Surface foraging,Scanned,20.65,23.7,0.1882361,1.828233,NA,3.8179552,5.8046326,11.0380149,0.6350023,1.8360282,1.7933646,1.5229845,2.398826,0.162448487,17.38263767,312,NA,NA
29,29,Catharacta antarctica,Stercorarius_antarcticus,Charadriiformes,Stercoraridae,Brown skua,BS-01-SANCCOB,Surface foraging,Scanned,43.115,74,1.132284,2.820594,3607.77,5.813335,15.53885,45.475991,1.054286,3.00173,3.063764,2.393596,4.991774,0.507392125,43.13439712,1539,NA,NA
30,30,Pterodroma incerta,Pterodroma_incerta,Procellariiformes,Procellariidae,Atlantic petrel,Atpet-01-2019,Surface foraging,Scanned,35.11,58.6,0.5691122,2.0107436,210.87,4.76371,19.6045826,9.2621301,0.8233286,2.9459766,1.7389262,1.3702782,3.29,0.242,11.2496154,520,NA,NA
31,31,Pygoscelis adeliae,Pygoscelis_adeliae,Sphenisciformes,Spheniscidae,Adelie penguin,ADP-01-2019,Pursuit diving,Scanned,37.45628342,137.1,0.4030811,2.456272,520.2390366,6.952721,11.4600309,13.5040879,0.7844083,3.3928805,7.2591326,1.3659801,5.182,0.4702,17.21563617,4850,NA,NA
32,32,Pachyptila desolata,Pachyptila_desolata,Procellariiformes,Procellariidae,Antarctic prion,AP-01-2011,Surface foraging,Scanned,20.75039344,16,0.4944635,1.2854291,NA,3.0092669,19.1922366,6.6268907,0.2968042,1.3277472,0.9944238,0.6209404,1.773548,0.056963867,22.3274829,147,NA,NA
33,33,Halobaena caerulea,Halobaena_caerulea,Procellariiformes,Procellariidae,Blue Petrel,BP-01-2011,Surface foraging,Scanned,23.64,19.6,0.5529148,1.3915919,73.85,3.1864005,21.520346,6.6450801,0.5568343,1.3627832,1.1902311,0.8119964,2.15,0.1023,11.93367596,202,NA,NA
34,34,Pelecanoides urinatrix,Pelecanoides_urinatrix,Procellariiformes,Procellariidae,Common diving petrel,CDP-01-2019,Pursuit diving,Scanned,20.78405229,14.5,NA,NA,NA,2.8358205,NA,NA,0.3754954,0.9267609,NA,NA,1.5257,0.053459,NA,141,NA,NA
35,35,Pygoscelis antarcticus,Pygoscelis_antarcticus,Sphenisciformes,Spheniscidae,Chinstrap penguin,CP-01-2019,Pursuit diving,Scanned,52.6697561,211.3,0.7550078,2.0153796,73.73786567,6.9731886,20.1470988,14.6468794,1.3314908,1.1336589,7.7851623,1.1994877,5.84,0.987478301,11.00036095,4155.5,NA,NA
36,36,Somateria mollissima,Somateria_mollissima,Anseriformes,Anatidae,Common Eider,Eider01,Pursuit diving,Scanned,32.55130814,101.9,0.337055,1.7584826,805.9455802,5.3374497,8.8239846,14.5267152,1.0329496,2.0698268,2.8912287,1.3022874,2.7979,0.374829,14.06333397,2066.5,NA,NA
37,37,Pygoscelis papua,Pygoscelis_papua,Sphenisciformes,Spheniscidae,Gentoo penguin,GP-01-2019,Pursuit diving,Scanned,71.3365493,290.5,0.4822642,3.120224,2043.23259,7.125678,10.8121582,18.2093691,1.3420564,0.9585321,6.5292833,2.5760105,4.67,0.764,13.5682592,5950,NA,NA
38,38,Larus marinus,Larus_marinus,Charadriiformes,Laridae,Great black-backed gull,GBBG01,Surface foraging,Scanned,49.56,176.3,0.7245044,2.5679778,5579.02,6.52167,11.5662503,40.602924,0.98858,1.8082917,2.7245681,2.5345219,4.82,1.291,41.07196585,1658.5,NA,NA
39,39,Cepphus grylle,Cepphus_grylle,Charadriiformes,Alcidae,Black guillemot,Guil01,Pursuit diving,Scanned,30.808,67.9,0.2883806,1.3592744,149.294398,4.9350441,8.4559079,10.2847078,0.5609009,3.2522032,2.7370037,1.2043721,2.8,0.123,18.33605152,378,NA,NA
40,40,Rissa tridactyla,Rissa_tridactyla,Charadriiformes,Laridae,Black-legged Kittiwake,KW01,Surface foraging,Scanned,30.84235294,41.3,0.2861476,1.2579813,852.4795984,3.732044,6.7540818,18.0102207,0.5552917,1.2008016,2.0332674,1.4647897,2.846265,0.186962404,32.43380137,377,NA,NA
41,41,Larus fuscus,Larus_fuscus,Charadriiformes,Laridae,Lesser black-backed gull,LBBG01,Surface foraging,Scanned,37.44,98.5,0.8288432,2.1508698,1486.29,5.0791775,16.3378255,25.6550178,1.0425242,1.9829092,4.3094347,1.571798,3.418143,0.462378689,24.60855854,715,NA,NA
42,42,Fratercula arctica,Fratercula_arctica,Charadriiformes,Alcidae,Atlantic Puffin,Puffin01-2019,Pursuit diving,Scanned,28.24967965,49.6,0.518773,1.4630612,178.9373545,4.3838202,16.0634753,11.5280521,0.6112787,1.4310587,2.3031944,0.649545,2.4,0.11,18.85891345,381,NA,NA
43,43,Alca torda,Alca_torda,Charadriiformes,Alcidae,Razorbill,RZB01,Pursuit diving,Scanned,32.26875,71.7,0.1778306,1.5822544,329.8617554,4.924899,8.3837681,3.2696696,0.4747957,1.7593584,1.8257043,1.346369,2.765625,0.1559,6.886476857,760,NA,NA
44,44,Pelecanoides georgicus,Pelecanoides_georgicus,Procellariiformes,Procellariidae,South georgia diving petrel,SGDP-01-2014,Pursuit diving,Scanned,20.67137931,14.5,NA,NA,NA,2.943577,NA,NA,0.399619,1.192145,NA,NA,1.427,0.046605,NA,121,NA,NA
45,45,Anas georgica,Anas_georgica_georgica,Anseriformes,Anatidae,South georgia pintail,SGPT-01-2019,Surface foraging,Scanned,21.45430464,19.1,0.6361948,1.4708229,269.1001,3.7739122,17.403385,13.3385907,0.6611142,0.2593077,1.770922,1.01821,1.591390728,0.066732749,20.17592528,718,Anas_georgica_georgica,Congener
46,46,Phalacrocorax atriceps,Leucocarbo_georgianus,Suliformes,Phalacrocoridae,South georgia shag,SGS-01-2019,Pursuit diving,Scanned,34.13483146,89,0.6432013,1.3055639,226.1856053,5.9708129,23.6409924,7.9044255,0.5135418,4.9158542,2.2743054,0.4671142,3.82247191,0.353427172,15.39198075,2678,NA,NA
47,47,Pagodroma nivea,Pagodroma_nivea,Procellariiformes,Procellariidae,Snow petrel,SP-01-2019,Surface foraging,Scanned,28.6,22.2,0.3984209,1.0730913,306.8,3.8447998,11.1071243,13.1058062,0.4924282,1.1647012,2.3331084,0.8509195,1.97,0.0593,26.61465408,268,NA,NA
48,48,Catharacta maccormicki,Stercorarius_maccormicki,Charadriiformes,Steracoraridae,South polar skua,SPS-02,Surface foraging,Scanned,40.67142857,80.7,0.7516045,2.5065494,2111.682099,5.5926418,14.8927448,25.9730082,0.9748909,1.8232846,2.7057444,1.7533235,4.281096,0.255591229,26.64196394,1349,NA,NA
49,49,Oceanites oceanicus,Oceanites_oceanicus,Procellariiformes,Oceanitidae,Wilson's storm petrel,WSP-01,Surface foraging,Scanned,13.6,5.6,0.2757032,0.7112398,NA,1.9378754,14.813063,3.7403708,0.1737297,0.3125621,0.4801749,0.7484926,0.802487,0.016926407,21.52982938,32,NA,NA
50,50,Burhinus capensis,Burhinus_capensis,Charadriiformes,Burhinidae,Spotted thick-knee,STK-01-2019,Terrestrial,Scanned,22.86,33.41,1.1136991,2.1559538,1235.18,4.5796171,18.2131156,37.383135,1.0782078,2.0321127,4.2565125,1.7128229,2.938,0.2028,34.6715494,432,NA,NA
51,51,Falco peregrinus,Falco_peregrinus,Falconiformes,Falconidae,Peregrine falcon,PF-01-2019,Terrestrial,Scanned,36.84,38.15,1.50946522,1.84338005,NA,4.70412654,25.400313,34.39000966,1.14561136,0.10703145,3.11282186,1.14679746,3.951837,0.288510897,30.01891467,1047.5,NA,NA
52,52,Tyto alba,Tyto_alba,Strigiformes,Strigidae,Western barn owl,BO-02-2019,Terrestrial,Scanned,34.46,32.15,1.7537725,2.1145756,3956.5,9.4940877,24.8427158,51.7923509,1.395259,0.1211465,5.6232258,2.6675656,3.417,0.4109,37.1202414,350,Tyto_alba,Yes
53,53,Falco naumanni,Falco_rupicolus,Falconiformes,Falconidae,Rock kestrel,RK-01-2019,Terrestrial,Scanned,29.8,18.4,1.0354785,2.0387952,801.1,4.765928,18.6674681,30.3048114,0.8583966,0.127977,2.7465963,1.3168819,2.69,0.175,35.30397418,152.5,Falco_rupicolus,Congener
54,54,Columba livia,Columba_livia,Columbiformes,Columbidae,Rock dove,RD-04-2019,Terrestrial,Scanned,21.32,16.3,0.9073511,1.994912,659.42,3.9322515,19.5965407,21.5382999,1.0289039,0.1327877,2.8083659,1.4139177,2.011,0.0922,20.93324741,354.5,Columba_livia,Yes
55,55,Accipiter melanoleucus,Accipiter_melanoleucus,Accipitriformes,Accipitridae,Black sparrowhawk,BSH-01-2019,Terrestrial,Scanned,35.64,29.6,1.5100398,2.53647196,1545,4.42096729,23.39967013,40.47399713,1.35908963,0.09244153,3.33533458,1.55857014,3.611792,0.223235,29.78022658,699,Accipiter_melanoleucus,Congener
56,56,Streptopelia semitorquata,Streptopelia_semitorquata,Columbiformes,Columbidae,Red-eyed dove,RED-01-2019,Terrestrial,Scanned,17.72,9.78,1.11099344,1.83429932,533.55,3.6306968,23.67596511,21.6246203,0.95096559,0.06656693,2.47008304,1.32977744,1.992694,0.08713121,22.7396454,176,NA,NA
57,57,Columba livia,Columba_livia,Columbiformes,Columbidae,Rock dove,RD-03-2019,Terrestrial,Scanned,20.35,17.55,0.88070627,1.8319173,676.32,4.16176355,19.24464617,20.92468818,1.08990091,0.07016093,2.33623915,1.42513689,2.028,0.145,19.19870695,354.5,Columba_livia,Yes
58,58,Numida meleagris,Numida_meleagris,Galliformes,Numididae,Helmeted guinea fowl,GF-02-2019,Terrestrial,Scanned,23.9,35.75,0.949588,1.7854764,827.15,4.7897142,20.2981381,21.699102,1.0561168,0.1907102,2.7612593,1.1077554,2.35,0.1395,20.54611952,1299,NA,NA
59,59,Columba guinea,Columba_guinea,Columbiformes,Columbidae,Speckled pigeon,ARP-01-2019,Terrestrial,Scanned,19.97,14.45,0.80349438,1.6174653,525.12,3.78215705,19.63547248,17.9875384,0.9226929,0.06910301,2.83427579,1.26068188,1.953006,0.119878801,19.49461018,352,NA,NA
60,60,Onychognathus morio,Onychognathus_morio,Passeriformes,Sturnidae,Red-winged starling,RWS-01-2019,Terrestrial,Scanned,22.65,15.92,0.70813523,1.24881103,340.77,3.61983106,21.74509619,12.493637,0.78790067,0.07320644,1.7777538,1.06925115,1.98,0.0799,15.8568681,138,NA,NA
61,61,Gallinula chloropus,Gallinula_chloropus,Gruiformes,Rallidae,Common moorhen,CMH-01-2019,Surface foraging,Scanned,17.3,16.72,0.5722977,1.5565606,330.51,3.7969893,14.7545262,15.0100572,0.7062385,0.2243202,1.9118256,1.2856434,1.739447,0.044293057,21.25352441,305,NA,NA
62,62,Erythrura gouldiae,Erythrura_gouldiae,Passeriformes,Estrildidae,Gouldian finch,GoldF-01-2019,Terrestrial,Scanned,12.85,2.84,0.61037109,0.91399945,51,2.64943649,21.88609214,7.70418575,0.36586643,0.01054029,0.55800629,0.80844128,1.195116,0.025664878,21.05737263,13.8,NA,NA
63,63,Colius striatus,Colius_striatus,Coliiformes,Coliidae,Speckled mousebird,MB-01-2019,Terrestrial,Scanned,14.94,4.8,0.64045344,1.49760776,119.403,3.2826339,20.06689029,10.06835532,0.61949687,0.06663598,1.67137729,0.83118695,1.16,0.05489,16.25247165,51.1,NA,NA
64,64,Melopsittacus undulatus,Melopsittacus_undulatus,Psittaciformes,Psittaculidae,Budgerigar,BG-01-2019,Terrestrial,Scanned,15.21,4.8,0.412429,1.1347727,194.24,2.5742627,14.3664579,8.2792951,0.3582206,0.1741388,0.7226192,0.9112293,1.33,0.0195,23.11228081,29,Melopsittacus_undulatus,Yes
65,65,Cypsiurus parvus,Cypsiurus_parvus,Apodiformes,Apodidae,Palm swift,PS-01-2019,Terrestrial,Scanned,16.9,7.8,0.7770977,1.4719409,144.629,3.2247655,25.830179,8.8397403,0.5209505,0.130978,0.9448471,0.9971321,1.61,0.04,16.96848415,13.6,NA,NA
66,66,Columba arquatrix,Columba_arquatrix,Columbiformes,Columbidae,African olive pigeon,OP-01-2019,Terrestrial,Scanned,21.66,14.75,1.0212768,1.93788003,789.82,4.09223678,20.20332863,24.91620101,1.32107433,0.06737541,2.74787267,1.42455452,2.25,0.112,18.8605595,400,NA,NA
67,67,Vanellus coronatus,Vanellus_coronatus,Charadriiformes,Charadriidae,Crowned lapwing,CL-01-2019,Terrestrial,Scanned,NA,16.7,0.7836018,1.4719083,468.26,3.5944299,17.3198979,21.134598,0.7716802,0.1458934,2.9619745,1.1570431,1.964362,0.076478532,27.38776763,165,NA,NA
68,68,Elanus caeruleus,Elanus_caeruleus,Accipitriformes,Accipitriformes,Black-winged kite,BSK-01-2019,Terrestrial,Scanned,NA,20.15,0.76560818,2.23402372,810.53,3.94366897,15.74604397,24.58792428,0.9135116,0.09111362,3.00685667,1.70510124,3.18235,0.150285375,26.91583148,260.5,NA,NA
69,69,Pavo muticus,Pavo_muticus,Galliformes,Phasianidae,Green peacock,PC-01-2019,Terrestrial,Scanned,31.93,48.28,1.117762175,2.12673294,1608.85,4.486705236,19.58820063,33.35602165,1.060740815,0.240420861,3.672998975,1.803762337,2.68,0.154,31.44596793,4194,Pavo_muticus,Congener
70,70,Psittacus erithacus,Psittacus_erithacus,Psittaciformes,Psittacidae,African grey parrot,AGP-02-2019,Terrestrial,Scanned,NA,55.5,1.1171122,2.1823494,1718.54,4.7937612,18.5622359,36.5163582,1.0489812,0.0543031,2.9639072,1.7242768,3.149118,0.168478989,34.81126087,333,NA,NA
71,71,Calandrella cinerea,Calandrella_cinerea,Passeriformes,Alaudidae,Red-capped lark,RCL-01-2019,Terrestrial,Scanned,16.45,4.67,NA,1.2386097,185.7,2.6196988,NA,NA,0.57668066,0.01395311,1.36526396,0.29213829,1.649528,0.063860565,NA,23.7,NA,NA
72,72,Anthus hodgsoni,Anthus_cinnamomeus,Passeriformes,Motacillidae,African pipit,Apip-02-2019,Terrestrial,Scanned,NA,6.79,0.79783522,1.56660078,NA,2.90481521,26.59448076,9.71792196,0.64799345,0.05883687,1.09456945,0.69212103,1.606118,0.067754059,14.99694474,27,NA,NA
73,73,Macronyx capensis,Macronyx_capensis,Passeriformes,Motacillidae,Cape long claw,CLC-01-2019,Terrestrial,Scanned,NA,6.19,NA,NA,NA,2.91959841,NA,NA,NA,0.05860408,NA,NA,1.521262,0.072046,NA,45.81,NA,NA
74,74,Haematopus moquini,Haematopus_moquini,Charadriiformes,Haematopodidae,Black oystercatcher,OY002 SANCCOB-2019,Terrestrial,Scanned,28.39,37.7,0.9375006,1.7667068,1071.35,4.9817004,19.8598504,21.7184293,0.8890131,1.6584414,2.2769094,1.521178,2.43,0.158,24.4298192,555,NA,NA
75,75,Corvus albus,Corvus_albus,Passeriformes,Corvidae,Pied crow,PCrow-01-2019,Terrestrial,Scanned,37.01,53.92,1.5319363,2.7177645,1471.49,4.5305249,24.8981807,37.5718842,1.6935921,0.2807701,3.4401069,1.9468953,3.872235,0.535319916,22.18473043,524,Corvus_albus,Congener
76,76,Phalacrocorax neglectus,Phalacrocorax_neglectus,Suliformes,Phalacrocoridae,Bank cormorant,BC-01-2019,Pursuit diving,Scanned,34.33,80.6,0.2509541,0.5833635,134.43,5.4156157,8.1593249,9.8419012,0.5091979,3.3504251,2.8702211,0.7566186,3.76051,0.280155,19.32824389,1950.5,Phalacrocorax_neglectus,Congener
77,77,Bostrychia hagedash,Bostrychia_hagedash,Pelecaniformes,Threskiornithidae,Hadada ibis,HI-02-2019,Terrestrial,Scanned,31.47,57.5,1.0201259,2.2622577,2050.61,5.5101327,19.4322418,27.8073793,0.9268587,2.3335504,2.9210611,1.9785273,2.84,0.121,30.00174601,1238,NA,NA
78,78,Grus paradisea,Grus_paradisea,Gruiformes,Gruidae,Blue crane,Bcrane-01-2019,Terrestrial,Scanned,37.2,76.31,0.967878,2.79362,4334.98,5.994886,13.68862,50.072915,1.362492,5.560856,8.822978,2.00989,3.52,0.315,36.75097909,4654,NA,NA
79,79,Phaethon rubricauda,Phaethon_rubricauda,Phaethontiformes,Phaethontidae,Red-tailed tropicbird,RTTB-01-2019,Pursuit diving,Scanned,45.03,73.62,0.9511394,2.6607811,7377.6,5.3782385,17.7905741,31.3213979,0.711968,1.6662195,2.374544,1.3390766,7.09,0.9586,43.99270459,659,NA,NA
80,80,Taeniopygia guttata,Taeniopygia_guttata,Passeriformes,Estrildidae,Zebra finch,ZF-01-2019,Terrestrial,Scanned,12.36,3.5,0.5186764,1.0814624,57.49,2.505653,20.3115193,6.7131659,0.281976,0.127477,0.5778411,0.8293847,1.09787,0.009001,23.80757901,540.5,Taeniopygia_guttata,Yes
81,81,Pachyptila salvini,Pachyptila_salvini,Procellariiformes,Procellariidae,Salvin's prion,SAL-13-2019,Surface foraging,Scanned,22.58,22.36,0.4924027,1.3628514,159.98,3.2651535,15.599761,9.8333243,0.5422376,1.0343324,1.0734936,1.0775475,2.12,0.088,18.13471493,159,NA,NA
82,82,Columba livia,Columba_livia,Columbiformes,Columbidae,Rock dove,RD-02-2019,Terrestrial,Scanned,21.77,26.18,0.87851611,2.05186354,941.87,4.20970794,18.89149035,21.87127488,1.31221537,0.07673939,2.72167775,1.44555429,2.322,0.182,16.667443,354.5,Columba_livia,Yes
83,83,Anhinga rufa,Anhinga_rufa,Suliformes,Anhingidae,African darter,D001-2019,Pursuit diving,Scanned,19.51,33.56,0.4665473,0.6206779,88.56,4.6415808,12.575695,13.6091365,0.524124,1.1364284,1.8696899,0.3023286,2.894,0.18978,25.96549004,1396.5,NA,NA
84,84,Sterna bergii,Thalasseus_bergii,Charadriiformes,Laridae,Greater crested tern,ST007-2019,Surface foraging,Scanned,27.74,33.6,0.5248295,1.5845529,872.07,4.2512161,12.0399215,17.6752279,0.6398776,1.0471519,1.6010241,1.3178608,2.686487,0.128885031,27.62282646,328,NA,NA
85,85,Falco biarmicus,Falco_biarmicus,Falconiformes,Falconidae,Lanner falcon,LF-01-2019,Terrestrial,Scanned,40.99,44.01,1.226989,2.1257643,2745.21,5.228294,17.8211476,47.8053075,1.3904051,0.3048736,4.4234112,1.6532662,3.886593,0.332012844,34.38228722,616,NA,NA
86,86,Gallus gallus,Gallus_domesticus,Galliformes,Phasianidae,Chicken,Ch-01-2019,Terrestrial,Scanned,25.01,44.9,1.1009986,2.5011977,1097.11,5.2137573,22.892918,23.1639932,0.7309982,1.0031105,2.3076867,1.6565768,2.25,0.2,31.68816722,904,Gallus_domesticus,Yes
87,87,Gallus gallus,Gallus_domesticus,Galliformes,Phasianidae,Chicken,Ch-02-2019,Terrestrial,Scanned,24.03,45.14,1.1615648,2.4901357,918.5,5.5470318,21.7176734,28.0898334,1.0289552,1.3994324,1.9717164,1.8749551,2.19,0.2508,27.29937455,904,Gallus_domesticus,Yes
88,88,Puffinus gravis,Ardenna_gravis,Procellariiformes,Procellariidae,Great shearwater,21May2019 GRSH-01-ARR,Pursuit diving,Scanned,35.78,71.8,0.398339,1.926593,NA,4.872203,11.413413,12.73822,1.157475,2.993283,2.591772,1.885892,3.408656,0.337964,11.00517938,849,NA,NA
89,89,Francolinus capensis,Pternistis_capensis,Galliformes,Phasianidae,Cape spurfowl,Cfranc-01-2019,Terrestrial,Scanned,22.79,24.75,0.63992212,1.34317162,NA,4.38528638,13.06930678,24.77812726,0.78418222,0.05318617,3.24575623,1.11149994,2.399383,0.12778425,31.59741018,NA,NA,NA
90,90,Sterna sandvicensis,Thalasseus_sandvicensis,Charadriiformes,Laridae,Sandwich tern,TO003,Surface foraging,Scanned,25.36,30.02,0.4225736,1.4858183,574.11,4.3861762,12.2011883,11.4169459,0.4954139,1.0671756,1.1923377,0.9307185,2.514694,0.144623981,23.0452676,208,NA,NA
91,91,Poicephalus robustus,Poicephalus_robustus,Psittaciformes,Psittacidae,Cape parrot,Cpar-02-2019,Terrestrial,Scanned,33.26,37.81,0.9768876,1.8135614,922.15,4.6492286,18.0179562,31.0750358,1.106311,0.2238112,2.8987426,2.1406355,2.95133,0.218736613,28.08887899,344,NA,NA
92,92,Stigmatopelia senegalensis,Streptopelia_senegalensis,Columbiformes,Columbidae,Laughing dove,LD-01-2019,Terrestrial,Scanned,15.43,6.75,0.77518245,1.33265637,203.21,3.22367969,21.78866127,12.48577163,0.69075377,0.06075206,1.48761501,1.07570994,1.52023,0.045416046,18.07557508,101,NA,NA
93,93,Tchagra tchagra,Tchagra_tchagra,Passeriformes,Malaconotidae,Southern Tchagra,Stch-01-2019,Terrestrial,Scanned,18.18,5.3,0.76981348,1.06063094,270.88,3.56249924,19.33185339,15.92921235,0.63038997,0.02638024,1.21558981,0.87037506,1.594575,0.075720475,25.26882265,50.3,NA,NA
94,94,Dicrurus adsimilis,Dicrurus_adsimilis,Passeriformes,Dicruridae,Fork-tailed drongo,FTDrong-01-2019,Terrestrial,Scanned,20.48,8.6,0.94667312,1.75688844,NA,3.32792903,24.89910639,14.32900733,0.78687363,0.03226422,1.20509305,0.97805757,1.994594,0.082463822,18.21004896,40.3,NA,NA
95,95,Tauraco corythaix,Tauraco_corythaix,Musophagiformes,Musophagidae,Knysna turaco,KTC-01-2020,Terrestrial,Scanned,23.32,17.31,0.8564542,1.648277,NA,4.1838561,19.233443,21.2172372,0.8843953,0.3625502,3.1072879,1.2077208,2.185375,0.17677575,23.99067159,3.8,NA,NA
96,96,Centropus superciliosus,Centropus_burchellii,Cuculiformes,Cuculidae,Burchell's Coucal,Bcouc-01-2020,Terrestrial,Scanned,23.13,18.86,1.2476668,1.9170929,708.67,4.972016,22.6262193,30.2566837,1.1795103,0.6428392,2.0192201,1.518516,2.53547,0.150427125,25.65190291,NA,NA,NA
97,97,Lorius lory,Lorius_lory,Psittaciformes,Psittaculidae,Black-capped lory,BCL-01-2019,Terrestrial,Scanned,26.37,32.38,0.7464809,1.5918436,NA,4.0572667,20.425742,13.6155821,0.8581717,0.3661005,1.9017026,1.367626,4.973206,0.230842224,15.8658018,177,NA,NA
98,98,Lanius collaris,Lanius_collaris,Passeriformes,Laniiidae,Southern fiscal,Cfisc-01-2019,Terrestrial,Scanned,20.69,5.3,0.83607381,1.46637956,530.32,3.31168516,21.37692936,15.55687248,0.61166378,0.02247457,1.37014205,1.14292261,1.910522,0.096761038,25.43369902,40.8,NA,NA
99,99,Turdus olivaceus,Turdus_olivaceus,Passeriformes,Turdidae,Olive thrush,Othrush-01-2019,Terrestrial,Scanned,18.88,5.84,1.27030667,1.71105757,NA,3.74101703,32.56760931,15.08961874,0.54429425,0.02766176,1.35405528,0.70251213,1.535978,0.0885115,27.7232742,78.1,NA,NA
100,100,Agapornis lilianae,Agapornis_lilianae,Psittaciformes,Psittaculidae,Lilian's lovebird,LB-01-2019,Terrestrial,Scanned,NA,24.75,0.5563645,1.3259152,162.2,3.0455571,17.6450957,9.903959,0.4185988,0.1334343,0.8915204,1.0171581,1.584508,0.057332825,23.65978832,37.3,NA,NA
101,101,Anthreptes collaris,Hedydipna_collaris,Passeriformes,Nectariniidae,Collard sunbird,CSB-01-2019,Terrestrial,Scanned,NA,2.3,0.48878944,0.7927856,47.25,2.23426984,20.34756546,5.87431273,0.21596657,0.03108748,0.40999735,0.62141912,0.849857,0.010286064,27.20010199,7.4,NA,NA
102,102,Psittacula krameri,Psittacula_krameri,Psittaciformes,Psittaculidae,Indian ring-necked parakeet,RN-02-2019,Terrestrial,Scanned,NA,7.5,0.9647219,1.7217909,294.05,3.3597243,25.6829457,13.736903,0.8282026,0.6416674,2.035738,1.1417906,2.401776,0.125172175,16.5864041,116.5,NA,NA
103,103,Crecopsis egregia,Crex_egregia,Gruiformes,Rallidae,African crake,Acrake-01-2020,Terrestrial,Scanned,NA,9.11,0.95206861,1.65434881,564.62,3.83326545,20.43015065,21.6410302,0.72316285,0.09340807,2.27559988,1.45637021,1.656124,0.042705685,29.92552812,119,NA,NA
104,104,Serinus canaria,Serinus_canaria,Passeriformes,Fringillidae,Canary,Can-01-20,Terrestrial,Scanned,NA,2.58,0.5758091,1.06532906,110.43,2.44396132,21.48926998,7.06580327,0.30431844,0.03287425,0.61012707,0.66259204,1.11694,0.033241693,23.21845259,24.3,Serinus_canaria,Yes
105,105,Eclectus roratus,Eclectus_roratus,Psittaciformes,Psittaculidae,Eclectus parrot,Eparr-01-2020,Terrestrial,Scanned,NA,51.86,0.6280675,1.8783381,1308.67,4.0569169,14.1751196,19.0526561,1.0112855,0.2571673,2.5361494,1.8527977,3.341464,0.171100816,18.84003686,561,NA,NA
106,106,Corvus splendens,Corvus_splendens,Passeriformes,Corvidae,House crow,Hcrow-01-2020,Terrestrial,Scanned,NA,44.67,1.5820119,2.7142529,1754.39,4.7452625,23.9733953,42.273069,1.6127185,0.4234104,2.9753498,1.6139968,3.924188,0.343184094,26.21230488,293.5,Corvus_splendens,Congener
107,107,Upupa epops,Upupa_africana,Bucerotiformes,Upupidae,African hoopoe,HP-01-2020,Terrestrial,Scanned,NA,5.69,0.87249517,1.0271957,204.92,3.1628432,22.18350979,15.47424898,0.63796117,0.06114894,1.34154701,0.75059164,1.424505,0.038901,24.255785,61.4,NA,NA
108,108,Porphyrio porphyrio,Porphyrio_madagascariensis,Gruiformes,Rallidae,African swamp hen,SHen-01-2020,Surface foraging,Scanned,NA,38.95,1.0548516,1.8706325,943.25,5.3069968,20.3548007,26.7714934,1.0509617,0.1434143,2.5510073,1.5558874,2.485069,0.197544,25.47332924,988,NA,NA
109,109,Cossypha caffra,Cossypha_caffra,Passeriformes,Muscicapidae,Cape robin-chat,CRChat-01-2020,Terrestrial,Scanned,NA,4.67,0.91289094,1.19831465,65.45,2.89072366,25.79244516,12.78736954,0.57679371,0.07294214,0.98079432,0.85901243,1.561807,0.060826893,22.16974512,24,NA,NA
110,110,Pionus senilis,Pionus_senilis,Psittaciformes,Psittacidae,White-crowned pionus,WCPion-01-2020,Terrestrial,Scanned,NA,27.85,1.0626306,1.774538,710.57,4.1723578,21.4292973,24.7979755,0.9628349,0.3686855,2.2455622,1.3829748,2.494753,0.103512168,25.75516893,212,NA,NA
111,111,Nymphicus hollandicus,Nymphicus_hollandicus,Psittaciformes,Catacuidae,Cockatiel,Ctiel-01-2020,Terrestrial,Scanned,NA,11.47,0.45839,1.2401335,426.61,3.1055541,14.4213137,10.372578,0.6106985,0.1067541,1.5055944,1.1474513,1.942342,0.0839911,16.98477727,94.65,Nymphicus_hollandicus,Yes
112,112,Hirundo rustica,Hirundo_rustica,Passeriformes,Hirundinidae,Barn swallow,BSW-01-2020,Terrestrial,Scanned,NA,3.54,0.2830246,0.8717018,63.77,2.2721023,15.4698203,3.6445093,0.2711015,NA,0.6182226,0.6271454,1.213575,0.023861302,13.44333875,16,NA,NA
113,113,Ardea cinerea,Ardea_cinerea,Pelecaniformes,Ardeidae,Grey heron,GH-01-2020,Surface foraging,Scanned,NA,52.13,1.0044253,1.8963792,1020.13,4.8303804,18.2108644,30.330309,0.9724047,0.1369859,4.5859102,1.1572793,2.73777,0.209555674,31.19103497,1443,NA,NA
114,114,Thalassarche cauta,Thalassarche_cauta,Procellariiformes,Diomedeidae,White-capped albatross,SA-01-2019,Surface foraging,Scanned,NA,350,0.8794132,2.3983307,7457.93,7.1504409,17.1104247,40.8944658,2.4126421,4.5924459,5.3321026,2.5285485,10.883337,2.272119808,16.95007552,3575,NA,NA
115,115,Thalassarche chlororhynchos,Thalassarche_chlororhynchos,Procellariiformes,Diomedeidae,Yellow-nosed albatross,YNA-01-2019,Surface foraging,Scanned,NA,200,0.7568389,1.7915594,7450.18,6.2905455,10.4410233,55.3450581,1.6192075,4.0522859,4.4305032,1.1260026,8.940802,1.401043875,34.18033705,2200,NA,NA
116,116,Aquila verreauxii,Aquila_verreauxii,Accipitriformes,Accipitridae,Verreaux's eagleÂ ,VE-01-2019,Terrestrial,Scanned,NA,202.61,1.7784753,3.4953463,6017.07,6.1166574,20.8231326,74.785428,1.9473703,0.6586172,8.0234153,2.4129151,6.285852,1.384566976,38.40329084,4195,NA,NA
117,117,Haliaeetus vocifer,Haliaeetus_vocifer,Accipitriformes,Accipitridae,African fish eagle,FE-01-2019,Terrestrial,Scanned,NA,98.42,1.5483559,2.7086139,3575.28,5.4639176,21.7285021,51.3537391,1.840675,0.7722924,6.2761611,1.6103107,5.708415,0.74647,27.89940598,3400,NA,NA
118,118,Phalacrocorax carbo,Phalacrocorax_lucidus,Suliformes,Phalacrocoridae,White-breasted cormorant,WBC-01-2019 SANCCOB,Pursuit diving,Scanned,NA,140,0.6823532,0.770987,786.39,6.3972765,18.1249462,14.2161907,0.6900935,5.0176349,3.1749529,0.6141968,4.769848,0.380375456,20.60038343,2669,Phalacrocorax_lucidus,Congener
119,119,Bucorvus abyssinicus,Bucorvus_leadbeateri,Bucerotiformes,Bucorvidae,Southern ground hornbill,SGHB02-2019,Terrestrial,Scanned,NA,425,1.1580705,4.6279535,6201.38,7.4538693,13.6669891,74.0052732,1.9259547,0.2862563,9.5509985,3.0746402,5.325196,0.611040625,38.42524084,3767.5,NA,NA
120,120,Buteo rufofuscus,Buteo_rufofuscus,Accipitriformes,Accipitridae,Jackal buzzard,JB-01-2019,Terrestrial,Scanned,NA,81.01,1.3900806,3.1626498,3468.51,5.1513135,19.6922945,49.826504,1.9329354,0.216553,7.4700219,2.1169173,4.867578,0.710716802,25.7776354,1530,NA,NA
121,121,Threskiornis aethiopicus,Threskiornis_aethiopicus,Pelecaniformes,Threskiornithidae,African sacred ibis,SI-02-2019,Terrestrial,Scanned,NA,79.75,0.869031,1.9727113,1647.7,5.0627664,16.5385055,27.9472459,1.0296745,2.5130334,2.6050981,1.7421815,2.99019,0.266768707,27.14182579,1498,NA,NA
122,122,Gyps coprotheres,Gyps_coprotheres,Accipitriformes,Acciptridae,Cape vulture,CV-01-2019,Terrestrial,Scanned,NA,210.99,1.062543,3.32968,7352.46,5.786577,14.218864,60.229336,1.10723,6.263625,8.428413,1.956677,6.75382,0.870640375,54.39640906,8177,NA,NA
123,123,Dromaius novaehollandiae,Dromaius_novaehollandiae,Cassuariiformes,Cassuariidae,Emu,Emu-01-2019,Terrestrial,Scanned,NA,319.5,2.598442,3.559185,22347.44,6.900152,22.1754972,140.6281451,4.8282468,0.8077109,16.6824494,3.3110994,7.3565,2.537052375,29.12613023,34200,NA,NA
124,124,Polemaetus bellicosus,Polemaetus_bellicosus,Accipitriformes,Accipitridae,Martial eagle,ME-01-2019,Terrestrial,Scanned,NA,165.83,1.515718,3.0380051,8254.23,5.8196564,18.6869273,66.9103244,2.7275213,0.5075483,6.9877024,2.1957679,6.96264,1.207549091,24.53154973,4063,NA,NA
125,125,Diomedea exulans,Diomedea_exulans,Procellariiformes,Diomedeidae,Wandering albatross,WA-01-2019,Surface foraging,Scanned,75.93,500,0.5274912,3.6362536,29820.48,8.6698374,8.4706575,56.6957163,3.9898184,5.9967756,7.6606724,2.5643728,11.612186,1.453290377,14.21009946,8190,NA,NA
126,126,Thalassarche melanophrys,Thalassarche_melanophris,Procellariiformes,Diomedeidae,Black-browed albatross,BBA-01-2019,Surface foraging,Scanned,NA,250,0.4528272,2.4062124,3590.05,6.3602562,6.6969688,51.1482798,1.4295176,2.6033579,3.5538239,2.1443176,8.306946,1.125120375,35.78009799,3564,NA,NA
127,127,Eudyptes chrysolophus,Eudyptes_chrysolophus,Sphenisciformes,Spheniscidae,Macaroni penguin,MP-01-MA-2019,Pursuit diving,Scanned,NA,350,0.8487631,2.5186203,395.24,6.595366,23.8542373,12.7812765,1.4043968,4.5420858,5.6678876,1.5376537,5.57764,1.023372067,9.100901184,4490,NA,NA
128,128,Aptenodytes patagonicus,Aptenodytes_patagonicus,Sphenisciformes,Spheniscidae,King penguin,KP-01-MA2019,Pursuit diving,Scanned,NA,450,0.4165668,1.9151788,933.27,8.3703108,10.4554861,17.420718,1.8071326,5.1978665,10.7396642,1.0093089,6.743894,1.473911695,9.639977719,11751,NA,NA
129,129,Bubo africanus,Bubo_africanus,Strigiformes,Strigidae,African spotted eagle owl,ASEO-02-2019,Terrestrial,Scanned,NA,81.27,2.22645002,3.25919085,4538.95,8.1173615,25.92703625,73.7844033,3.05103025,0.08875035,9.1102267,3.05140766,4.599785,1.087776,24.18343879,1138,Bubo_africanus,Congener
130,130,Grus paradisea,Grus_paradisea,Gruiformes,Gruidae,Blue crane,Bcrane-03-2019,Terrestrial,Scanned,NA,178.3,1.3380573,2.3955454,7224.56,6.2069614,17.032265,66.6379959,1.7400396,4.3734225,7.1589645,1.0149503,4.845777,0.805184,38.29682721,4654,NA,NA
131,131,Plectropterus gambensis,Plectropterus_gambensis,Anseriformes,Anatidae,Spur-winged goose,SWG-01-2019,Terrestrial,Scanned,NA,239.1,1.0747323,2.289596,1464.1,6.2858044,17.0227799,42.3459403,1.6275323,0.1066688,5.7552095,1.9821012,3.656271,0.461730375,26.01849456,3869,NA,NA
132,132,Ardea melanocephala,Ardea_melanocephala,Pelecaniformes,Ardeidae,Black-headed heron,BHH-01-2019,Surface foraging,Scanned,NA,72.2,1.3899336,2.3222976,1866.13,5.0787383,21.6693453,40.8912117,1.3462176,0.1596304,3.5335437,1.6691333,2.936704,0.315,30.37489014,1060,NA,NA
133,133,Megaceryle maxima,Megaceryle_maxima,Coraciiformes,Alcedinidae,Giant kingfisher,GKF-01-2019,Surface foraging,Scanned,38.97,NA,0.7478643,1.9539053,1370.73,5.736625,16.3665536,21.8602269,1.7727858,0.2050824,1.3748971,1.1875623,3.433194,0.531167625,12.33100293,325,NA,NA
134,134,Gallinula tenebrosa,Gallinula_comeri,Gruiformes,Rallidae,Gough moorhen,GM-01-2019,Terrestrial,Scanned,19.72,NA,0.9603115,1.4667058,456.46,4.2708402,21.5029989,19.6410551,0.8376518,0.1901241,2.4412601,1.2175577,2.273073,0.158830875,23.4477561,382,NA,NA
135,135,Pelecanus onocrotalus,Pelecanus_onocrotalus,Pelecaniformes,Pelecanidae,Great white pelican,GWP-01-2019,Surface foraging,Scanned,NA,950,1.146811,3.22971,13701.3,8.749335,15.482733,83.225582,3.847139,7.646572,7.22137,2.138691,13.427938,1.488289,21.63311022,9520,NA,NA
136,136,Puffinus gravis,Ardenna_gravis,Procellariiformes,Procellariidae,Great shearwater,GRSH01-2019,,Scanned,36.1,NA,0.5106515,1.9135485,NA,4.586473,14.291729,12.4234334,1.1436508,2.7832785,2.131114,1.2085534,4.093471,0.657585,10.86296044,849,NA,NA
